,Game,genres,themes,game_modes,tags,platforms,keywords
0,61991.0,0.045009022944591894,0.3108639984176782,0.08100572276802183,0.2991872166693538,0.26298405262203256,0.0009499865783216652
