,Game,genres,themes,game_modes,tags,platforms,keywords
0,37.0,0.2079435549231581,0.0103800669271439,0.397221412393499,0.1746768774312649,0.2047630570169218,0.0050150313080121
1,305.0,0.1846377184644434,0.0329327522657679,0.4235883111518493,0.0154905901998761,0.1616584691551638,0.1816921587628994
2,245.0,0.0017130632589263,0.0546101985382606,0.1048159642541061,0.5934161098924546,0.0759423786813159,0.1695022853749362
3,1048.0,0.1496668004572278,0.1469253450867487,0.0412800905806893,0.3562310588625314,0.1565534719677989,0.1493432330450035
4,41.0,0.2706230624195029,0.016704820237230234,0.582370540099368,0.08594200437549915,0.0409670914809627,0.003392481387436932
